Date,CPI,inflation_mom,cum_inflation
1961-01-01,13.4288044541763,,
1961-02-01,13.4288044541763,0.0,1.0
1961-03-01,13.3778734638318,-0.00379266750947882,0.9962073324905212
1961-04-01,13.3439194702687,-0.002538071065995462,0.9936788874841944
1961-05-01,13.2590344863612,-0.006361323155211651,0.9873577749683963
1961-06-01,13.3099654767057,0.0038412291933391796,0.9911504424778753
1961-07-01,13.3269424734872,0.0012755102040806765,0.9924146649810349
1961-08-01,13.3608964670502,0.0025477707006349437,0.994943109987354
1961-09-01,13.4288044541763,0.005082592121985918,0.9999999999999999
1961-10-01,13.5306664348654,0.007585335018965411,1.0075853350189652
1961-11-01,13.5646204284284,0.002509410288580316,1.0101137800252844
1961-12-01,13.5646204284284,0.0,1.0101137800252844
1962-01-01,13.4967124413023,-0.00500625782228159,1.0050568900126384
1962-02-01,13.4967124413023,0.0,1.0050568900126384
1962-03-01,13.4967124413023,0.0,1.0050568900126384
1962-04-01,13.5306664348654,0.002515723270445802,1.0075853350189652
1962-05-01,13.4967124413023,-0.0025094102885877545,1.0050568900126384
1962-06-01,13.5306664348654,0.002515723270445802,1.0075853350189652
1962-07-01,13.5985744219914,0.005018820577160632,1.0126422250316036
1962-08-01,13.649505412336,0.003745318352064597,1.01643489254109
1962-09-01,13.5646204284284,-0.006218905472639591,1.0101137800252844
1962-10-01,13.6155514187729,0.0037546933667056415,1.0139064475347632
1962-11-01,13.683459405899,0.004987531172073512,1.0189633375474092
1962-12-01,13.717413399462,0.0024813895781619077,1.0214917825537284
1963-01-01,13.7343903962435,0.0012376237623752395,1.022756005056888
1963-02-01,13.7343903962435,0.0,1.022756005056888
1963-03-01,13.683459405899,-0.0037082818294162934,1.0189633375474092
1963-04-01,13.7004364026805,0.001240694789081065,1.020227560050569
1963-05-01,13.7004364026805,0.0,1.020227560050569
1963-06-01,13.7683443898065,0.004956629491941866,1.0252844500632077
1963-07-01,13.8362523769326,0.0049321824907557765,1.0303413400758537
1963-08-01,13.8702063704956,0.002453987730059559,1.0328697850821729
1963-09-01,13.8532293737141,-0.0012239902080773968,1.0316055625790133
1963-10-01,13.8362523769326,-0.0012254901960775388,1.0303413400758537
1963-11-01,13.8871833672771,0.0036809815950893388,1.0341340075853325
1963-12-01,13.9381143576217,0.003667481662596339,1.0379266750948188
1964-01-01,13.8871833672771,-0.0036540803897731067,1.0341340075853325
1964-02-01,13.9720683511847,0.006112469437655532,1.040455120101138
1964-03-01,13.9381143576217,-0.0024301336573493426,1.0379266750948188
1964-04-01,13.9720683511847,0.002436053593177112,1.040455120101138
1964-05-01,13.9381143576217,-0.0024301336573493426,1.0379266750948188
1964-06-01,14.0229993415292,0.006090133982943113,1.0442477876106169
1964-07-01,14.0739303318738,0.003631961259084493,1.0480404551201032
1964-08-01,14.0569533350922,-0.001206272617617854,1.046776232616936
1964-09-01,14.0229993415292,-0.002415458937196302,1.0442477876106169
1964-10-01,14.0229993415292,0.0,1.0442477876106169
1964-11-01,14.0909073286553,0.004842615012110141,1.0493046776232628
1964-12-01,14.1248613222183,0.0024096385542151655,1.0518331226295823
1965-01-01,14.1418383189998,0.00120192307692224,1.053097345132742
1965-02-01,14.1418383189998,0.0,1.053097345132742
1965-03-01,14.1418383189998,0.0,1.053097345132742
1965-04-01,14.1927693093443,0.003601440576227688,1.0568900126422207
1965-05-01,14.2606772964704,0.004784688995218778,1.0619469026548667
1965-06-01,14.345562280378,0.005952380952383596,1.0682680151706723
1965-07-01,14.413470267504,0.0047337278106474034,1.0733249051833107
1965-08-01,14.3964932707225,-0.0011778563015303334,1.072060682680151
1965-09-01,14.3285852835964,-0.004716981132078968,1.0670037926675051
1965-10-01,14.3625392771595,0.0023696682464509067,1.0695322376738319
1965-11-01,14.4644012578485,0.007092198581555076,1.0771175726927897
1965-12-01,14.5323092449746,0.004694835680754572,1.0821744627054357
1966-01-01,14.5323092449746,0.0,1.0821744627054357
1966-02-01,14.6511482224452,0.008177570093458764,1.0910240202275605
1966-03-01,14.6341712256637,-0.0011587485515633933,1.089759797724401
1966-04-01,14.6851022160082,0.003480278422271388,1.09355246523388
1966-05-01,14.6851022160082,0.0,1.09355246523388
1966-06-01,14.7530102031343,0.004624277456650727,1.0986093552465257
1966-07-01,14.7530102031343,0.0,1.0986093552465257
1966-08-01,14.7869641966973,0.002301495972380385,1.101137800252845
1966-09-01,14.8209181902603,0.002296211251433533,1.1036662452591643
1966-10-01,14.7869641966973,-0.0022909507445574295,1.101137800252845
1966-11-01,14.9058031741679,0.008036739380023805,1.1099873577749697
1966-12-01,14.9227801709494,0.0011389521640081668,1.1112515802781293
1967-01-01,14.9397571677309,0.0011376564277578716,1.112515802781289
1967-02-01,15.0246421516385,0.005681818181820786,1.1188369152970945
1967-03-01,15.075573141983,0.0033898305084720803,1.1226295828065733
1967-04-01,15.2453431097981,0.011261261261259703,1.1352718078381772
1967-05-01,15.2623201065796,0.001113585746101542,1.1365360303413368
1967-06-01,15.3132510969242,0.0033370411568449665,1.140328697850823
1967-07-01,15.4490670711763,0.008869179600887067,1.1504424778761075
1967-08-01,15.5339520550838,0.005494505494501478,1.1567635903919058
1967-09-01,15.4660440679578,-0.004371584699450426,1.1517067003792671
1967-10-01,15.4320900743948,-0.0021953896816668816,1.149178255372948
1967-11-01,15.5169750583023,0.005500550055001385,1.155499367888746
1967-12-01,15.5679060486469,0.0032822757111639067,1.1592920353982323
1968-01-01,15.6697680293359,0.0065430752453605745,1.1668773704171902
1968-02-01,15.6697680293359,0.0,1.1668773704171902
1968-03-01,15.6527910325544,-0.0010834236186341162,1.1656131479140306
1968-04-01,15.771630010025,0.007592190889371686,1.1744627054361554
1968-05-01,15.771630010025,0.0,1.1744627054361554
1968-06-01,15.7886070068065,0.001076426264799979,1.175726927939315
1968-07-01,15.8734919907141,0.005376344086023943,1.1820480404551206
1968-08-01,15.9413999778401,0.004278074866306936,1.187104930467759
1968-09-01,15.9074459842771,-0.002129925452607595,1.1845764854614398
1968-10-01,15.9074459842771,0.0,1.1845764854614398
1968-11-01,16.0093079649662,0.006403415154750958,1.1921618204804052
1968-12-01,16.0941929488737,0.005302226935308907,1.1984829329962032
1969-01-01,16.1111699456552,0.001054852320674149,1.1997471554993626
1969-02-01,16.1451239392183,0.0021074815595412133,1.2022756005056896
1969-03-01,16.0941929488737,-0.0031545741324959797,1.1984829329962032
1969-04-01,16.2300089231258,0.008438818565400963,1.2085967130214879
1969-05-01,16.2809399134704,0.0031380753138114947,1.2123893805309742
1969-06-01,16.433732884504,0.009384775808132684,1.2237673830594182
1969-07-01,16.4507098812855,0.001033057851238972,1.2250316055625778
1969-08-01,16.5186178684115,0.004127966976261055,1.2300884955752163
1969-09-01,16.3658248973779,-0.009249743062691884,1.2187104930467723
1969-10-01,16.3658248973779,0.0,1.2187104930467723
1969-11-01,16.467686878067,0.006224066390043026,1.2262958280657374
1969-12-01,16.50164087163,0.002061855670101531,1.2288242730720567
1970-01-01,16.5695488587561,0.004115226337451761,1.2338811630847029
1970-02-01,16.6544338426636,0.005122950819668404,1.2402022756005011
1970-03-01,16.6544338426636,0.0,1.2402022756005011
1970-04-01,16.7223418297897,0.004077471967383062,1.2452591656131469
1970-05-01,16.6883878362267,-0.002030456852790352,1.2427307206068277
1970-06-01,16.7562958233527,0.004069175991858742,1.2477876106194663
1970-07-01,16.8072268136973,0.0030395136778154086,1.2515802781289527
1970-08-01,16.7393188265712,-0.004040404040407175,1.2465233881163065
1970-09-01,16.6714108394452,-0.004056795131842761,1.241466498103668
1970-10-01,16.5695488587561,-0.006109979633402762,1.2338811630847029
1970-11-01,16.6374568458821,0.004098360655734545,1.2389380530973413
1970-12-01,16.6035028523191,-0.0020408163265290824,1.236409608091022
1971-01-01,16.6544338426636,0.003067484662574449,1.240202275600501
1971-02-01,16.734503236138,0.004807692307695621,1.246164786540892
1971-03-01,16.8145726296123,0.00478468899521256,1.2521272974812756
1971-04-01,16.8946420230867,0.004761904761908076,1.2580898084216667
1971-05-01,16.974711416561,0.004739336492888269,1.2640523193620503
1971-06-01,17.0547808100354,0.004716981132078635,1.2700148303024414
1971-07-01,17.1348502035097,0.004694835680748577,1.2759773412428252
1971-08-01,17.1348502035097,0.0,1.2759773412428252
1971-09-01,17.1348502035097,0.0,1.2759773412428252
1971-10-01,17.0547808100354,-0.004672897196259074,1.2700148303024414
1971-11-01,17.1348502035097,0.004694835680748577,1.2759773412428252
1971-12-01,17.3750583839327,0.014018691588783216,1.293864874063984
1972-01-01,17.4551277774071,0.004608294930878776,1.2998273850043751
1972-02-01,17.5351971708814,0.004587155963300171,1.3057898959447587
1972-03-01,17.5351971708814,0.0,1.3057898959447587
1972-04-01,17.6152665643558,0.004566210045665153,1.3117524068851496
1972-05-01,17.6152665643558,0.0,1.3117524068851496
1972-06-01,17.6152665643558,0.0,1.3117524068851496
1972-07-01,17.8554747447788,0.01363636363636167,1.3296399397063081
1972-08-01,17.9355441382532,0.004484304932738548,1.3356024506466992
1972-09-01,18.0156135317275,0.004464285714283145,1.3415649615870828
1972-10-01,17.8554747447788,-0.008888888888889501,1.329639939706308
1972-11-01,18.0156135317275,0.008968609865471544,1.3415649615870828
1972-12-01,18.0956829252018,0.004444444444442031,1.3475274725274666
1973-01-01,18.2558217121505,0.008849557522124574,1.3594524944082416
1973-02-01,18.4159604990992,0.008771929824562097,1.3713775162890165
1973-03-01,18.4159604990992,0.0,1.3713775162890165
1973-04-01,18.5760992860479,0.00869565217391366,1.3833025381697914
1973-05-01,18.6561686795223,0.004310344827589185,1.3892650491101826
1973-06-01,18.8963768599453,0.012875536480684957,1.4071525819313413
1973-07-01,19.1365850403683,0.01271186440677785,1.4250401147524998
1973-08-01,19.3767932207914,0.012552301255233544,1.4429276475736659
1973-09-01,19.3767932207914,0.0,1.4429276475736659
1973-10-01,19.53693200774,0.008264462809912665,1.4548526694544333
1973-11-01,19.6970707946887,0.008196721311475974,1.4667776913352082
1973-12-01,19.9372789751118,0.012195121951222854,1.4846652241563743
1974-01-01,20.0173483685861,0.004016064257025942,1.490627735096758
1974-02-01,20.1774871555348,0.008000000000000451,1.5025527569775328
1974-03-01,20.4176953359578,0.011904761904760308,1.5204402897986915
1974-04-01,20.6579035163809,0.011764705882356452,1.538327822619858
1974-05-01,20.8981116968039,0.01162790697674243,1.5562153554410165
1974-06-01,21.2183892707013,0.01532567049808553,1.5800653992025666
1974-07-01,21.37852805765,0.007547169811321197,1.5919904210833413
1974-08-01,21.618736238073,0.011235955056178248,1.6098779539045
1974-09-01,21.618736238073,0.0,1.6098779539045
1974-10-01,21.7788750250217,0.007407407407407973,1.621802975785275
1974-11-01,22.0190832054447,0.011029411764704289,1.6396905086064335
1974-12-01,22.2592913858678,0.010909090909093866,1.6575780414275993
1975-01-01,22.4194301728164,0.007194244604312505,1.6695030633083667
1975-02-01,22.6596383532395,0.010714285714288785,1.687390596129533
1975-03-01,22.7397077467138,0.0035335689045916663,1.6933531070699168
1975-04-01,22.7397077467138,0.0,1.6933531070699168
1975-05-01,22.9799159271368,0.010563380281688683,1.7112406398910756
1975-06-01,23.4603322879829,0.020905923344949118,1.7470157055334001
1975-07-01,23.700540468406,0.010238907849832168,1.7649032383545662
1975-08-01,24.0208180423033,0.013513513513510267,1.7887532821161087
1975-09-01,24.0208180423033,0.0,1.7887532821161087
1975-10-01,24.2610262227264,0.010000000000002673,1.8066408149372746
1975-11-01,24.421165009675,0.006600660066002906,1.818565836818042
1975-12-01,24.421165009675,0.0,1.818565836818042
1976-01-01,24.421165009675,0.0,1.818565836818042
1976-02-01,24.5813037966237,0.00655737704918069,1.8304908586988167
1976-03-01,24.5012344031494,-0.003257328990226238,1.8245283477584329
1976-04-01,24.7414425835724,0.009803921568626084,1.8424158805795914
1976-05-01,24.8215119770468,0.0032362459546948497,1.8483783915199827
1976-06-01,25.0617201574698,0.009677419354837458,1.8662659243411415
1976-07-01,25.1417895509442,0.003194888178915889,1.8722284352815326
1976-08-01,25.3019283378928,0.0063694267515888026,1.8841534571623
1976-09-01,25.3819977313672,0.0031645569620275538,1.8901159681026911
1976-10-01,25.4620671248415,0.0031545741324903176,1.8960784790430747
1976-11-01,25.6222059117902,0.006289308176101072,1.9080035009238496
1976-12-01,25.7823446987389,0.006250000000000533,1.9199285228046248
1977-01-01,26.1026222726363,0.012422360248448117,1.9437785665661746
1977-02-01,26.3428304530593,0.009202453987728676,1.9616660993873332
1977-03-01,26.5830386334824,0.009118541033437122,1.979553632208499
1977-04-01,26.6631080269567,0.0030120481927693454,1.9855161431488826
1977-05-01,26.8232468139054,0.006006006006006315,1.9974411650296573
1977-06-01,26.9833856008541,0.005970149253731849,2.0093661869104325
1977-07-01,27.3036631747515,0.01186943620178127,2.0332162306719823
1977-08-01,27.4638019617001,0.005865102639292852,2.0451412525527495
1977-09-01,27.6239407486488,0.005830903790087882,2.057066274433524
1977-10-01,27.7840795355975,0.005797101449275699,2.068991296314299
1977-11-01,27.9442183225462,0.00576368876080724,2.0809163181950736
1977-12-01,28.2644958964436,0.011461318051576797,2.1047663619566235
1978-01-01,28.2644958964436,0.0,2.1047663619566235
1978-02-01,28.5047040768666,0.008498583569404028,2.122653894777782
1978-03-01,28.824981650764,0.011235955056180469,2.1465039385393316
1978-04-01,28.824981650764,0.0,2.1465039385393316
1978-05-01,29.2253286181357,0.013888888888888173,2.176316493241265
1978-06-01,29.3854674050844,0.005479452054794942,2.1882415151220402
1978-07-01,29.8658837659305,0.016348773841963204,2.2240165807643653
1978-08-01,29.9459531594048,0.0026809651474515306,2.229979091704749
1978-09-01,29.8658837659305,-0.0026737967914424177,2.224016580764365
1978-10-01,29.9459531594048,0.0026809651474515306,2.2299790917047484
1978-11-01,30.1861613398279,0.008021390374333803,2.2478666245259147
1978-12-01,30.3463001267765,0.005305039787795396,2.259791646406682
1979-01-01,30.5865083071996,0.00791556728232412,2.277679179227848
1979-02-01,30.906785881097,0.010471204188482464,2.301529222989398
1979-03-01,31.3071328484687,0.012953367875646826,2.3313417776913314
1979-04-01,31.6274104223661,0.010230179028133612,2.355191821452881
1979-05-01,31.8676186027891,0.00759493670885969,2.3730793542740396
1979-06-01,31.7875492093147,-0.0025125628140720835,2.3671168433336485
1979-07-01,32.2679655701608,0.015113350125945502,2.4028919089759726
1979-08-01,32.4281043571095,0.004962779156327812,2.4148169308567473
1979-09-01,32.7483819310069,0.009876543209877298,2.438666974618297
1979-10-01,33.0686595049042,0.009779951100242101,2.4625170183798395
1979-11-01,33.3088676853273,0.0072639225181618805,2.480404551201006
1979-12-01,33.469006472276,0.004807692307692735,2.492329573081781
1980-01-01,33.6291452592247,0.004784688995215669,2.504254594962556
1980-02-01,33.949422833122,0.00952380952380727,2.5281046387240984
1980-03-01,34.3497698004938,0.011792452830191147,2.55791719342604
1980-04-01,34.4298391939681,0.002331002331001031,2.5638797043664234
1980-05-01,34.8301861613398,0.01162790697674354,2.593692259068357
1980-06-01,35.2305331287116,0.011494252873565314,2.6235048137702974
1980-07-01,35.6308800960833,0.011363636363635798,2.6533173684722313
1980-08-01,35.9511576699806,0.008988764044941533,2.677167412233773
1980-09-01,36.271435243878,0.008908685968820329,2.701017455995323
1980-10-01,36.5917128177754,0.008830022075055899,2.724867499756873
1980-11-01,37.1521985720958,0.015317286652078321,2.766605076339581
1980-12-01,37.2322679655702,0.0021551724137947037,2.7725675872799727
1981-01-01,37.7126843264162,0.01290322580644987,2.80834265292229
1981-02-01,38.113031293788,0.010615711252655924,2.8381552076242307
1981-03-01,38.593447654634,0.012605042016804902,2.8739302732665477
1981-04-01,38.9937946220057,0.010373443983402009,2.9037428279684816
1981-05-01,39.2340028024288,0.006160164271048929,2.9216303607896474
1981-06-01,39.7944885567492,0.014285714285714013,2.963367937372356
1981-07-01,40.0346967371722,0.006036217303821978,2.9812554701935143
1981-08-01,40.4350437045439,0.009999999999999565,3.0110680248954482
1981-09-01,40.7553212784413,0.007920792079208372,3.0349180686569976
1981-10-01,40.9955294588643,0.005893909626718097,3.052805601478156
1981-11-01,41.4759458197104,0.011718750000000888,3.088580667120481
1981-12-01,42.1165009675052,0.015444015444016745,3.136280754643581
1982-01-01,42.1965703609795,0.001901140684409608,3.1422432655839647
1982-02-01,42.8371255087743,0.015180265654650027,3.1899433531070644
1982-03-01,43.1574030826716,0.007476635514016783,3.2137933968686063
1982-04-01,43.5577500500434,0.009276437847868246,3.2436059515705473
1982-05-01,44.1182358043638,0.01286764705882315,3.2853435281532555
1982-06-01,44.5986521652098,0.010889292196005762,3.321118593795573
1982-07-01,44.9189297391072,0.007181328545781573,3.3449686375571233
1982-08-01,45.0790685260559,0.0035650623885921107,3.3568936594378984
1982-09-01,45.3993460999533,0.007104795737123082,3.3807437031994483
1982-10-01,45.6395542803763,0.00529100529100468,3.3986312360206075
1982-11-01,45.9598318542737,0.007017543859649589,3.4224812797821573
1982-12-01,45.9598318542737,0.0,3.4224812797821573
1983-01-01,45.6395542803763,-0.006968641114983076,3.3986312360206075
1983-02-01,45.799693067325,0.0035087719298247944,3.410556257901382
1983-03-01,46.2801094281711,0.0104895104895113,3.446331323543707
1983-04-01,46.3601788216454,0.001730103806227401,3.4522938344840908
1983-05-01,46.6804563955428,0.0069084628670126325,3.4761438782456406
1983-06-01,46.8405951824915,0.0034305317324188067,3.488068900126416
1983-07-01,47.0808033629145,0.005128205128204444,3.5059564329475745
1983-08-01,47.3210115433376,0.005102040816327813,3.52384396576874
1983-09-01,47.4010809368119,0.001692047377325645,3.5298064767091235
1983-10-01,47.7213585107093,0.006756756756757243,3.5536565204706734
1983-11-01,47.8014279041836,0.0016778523489922037,3.5596190314110565
1983-12-01,47.881497297658,0.0016750418760480557,3.5655815423514476
1984-01-01,47.881497297658,0.0,3.5655815423514476
1984-02-01,48.2818442650297,0.008361204013377366,3.5953940970533806
1984-03-01,48.5220524454527,0.004975124378108875,3.61328162987454
1984-04-01,48.7622606258758,0.004950495049506287,3.6311691626957057
1984-05-01,48.7622606258758,0.0,3.6311691626957057
1984-06-01,49.0024688062988,0.004926108374383675,3.649056695516865
1984-07-01,49.2426769867218,0.004901960784313042,3.6669442283380236
1984-08-01,48.9223994128244,-0.006504065040650819,3.643094184576474
1984-09-01,49.0024688062988,0.0016366612111304857,3.6490566955168657
1984-10-01,49.0825381997731,0.0016339869281036812,3.6550192064572493
1984-11-01,49.4028157736705,0.006525285481240317,3.678869250218799
1984-12-01,49.6430239540935,0.00486223662884866,3.696756783039958
1985-01-01,49.7230933475679,0.0016129032258074272,3.7027192939803486
1985-02-01,50.203509708414,0.00966183574879298,3.7384943596226736
1985-03-01,50.203509708414,0.0,3.7384943596226736
1985-04-01,50.443717888837,0.004784688995214559,3.756381892443832
1985-05-01,50.68392606926,0.004761904761904079,3.7742694252649907
1985-06-01,51.1643424301061,0.009478672985782755,3.8100444909073157
1985-07-01,51.3244812170548,0.003129890453834383,3.821969512788091
1985-08-01,51.4045506105291,0.001560062402495177,3.8279320237284744
1985-09-01,51.6447587909522,0.0046728971962630705,3.8458195565496407
1985-10-01,51.6447587909522,0.0,3.8458195565496407
1985-11-01,51.8048975779008,0.003100775193796812,3.8577445784304083
1985-12-01,52.1251751517982,0.006182380216383843,3.8815946221919586
1986-01-01,52.2853139387469,0.003072196620584,3.8935196440727338
1986-02-01,52.5255221191699,0.004594180704440287,3.911407176893892
1986-03-01,52.8457996930673,0.006097560975610206,3.935257220655442
1986-04-01,53.005938480016,0.003030303030303161,3.9471822425362166
1986-05-01,53.3262160539134,0.006042296072507947,3.9710322862977665
1986-06-01,53.1660772669647,-0.0030030030030031574,3.959107264416992
1986-07-01,53.5664242343364,0.00753012048192736,3.9889198191189257
1986-08-01,53.8867018082338,0.005979073243647548,4.012769862880475
1986-09-01,53.8867018082338,0.0,4.012769862880475
1986-10-01,54.2069793821312,0.0059435364041608985,4.0366199066420245
1986-11-01,54.6873957429772,0.008862629246675358,4.072394972284342
1986-12-01,54.8475345299259,0.002928257686676705,4.084319994165117
1987-01-01,54.6873957429772,-0.0029197080291972766,4.072394972284342
1987-02-01,55.0076733168746,0.005856515373353188,4.096245016045891
1987-03-01,55.1678121038233,0.0029112081513831267,4.108170037926667
1987-04-01,55.4080202842464,0.0043541364296093565,4.126057570747832
1987-05-01,55.6482284646694,0.004335260115606365,4.143945103568991
1987-06-01,55.8884366450924,0.004316546762589191,4.161832636390149
1987-07-01,56.1286448255154,0.0042979942693404105,4.179720169211308
1987-08-01,56.1286448255154,0.0,4.179720169211308
1987-09-01,56.2887836124641,0.0028530670470758857,4.191645191092083
1987-10-01,56.6090611863615,0.005689900426743,4.215495234853633
1987-11-01,57.0094081537332,0.007072135785006539,4.245307789555566
1987-12-01,56.9293387602589,-0.001404494382021615,4.239345278615183
1988-01-01,56.9293387602589,0.0,4.239345278615183
1988-02-01,57.3296857276306,0.007032348804500321,4.2691578333171165
1988-03-01,57.4898245145793,0.0027932960893857217,4.281082855197892
1988-04-01,57.649963301528,0.002785515320334442,4.293007877078667
1988-05-01,57.9702408754254,0.00555555555555598,4.316857920840217
1988-06-01,57.9702408754254,0.0,4.316857920840217
1988-07-01,58.2104490558484,0.004143646408839352,4.334745453661377
1988-08-01,58.4506572362714,0.004126547455295171,4.3526329864825355
1988-09-01,58.4506572362714,0.0,4.3526329864825355
1988-10-01,58.6908654166945,0.00410958904109715,4.370520519303702
1988-11-01,58.9310735971175,0.004092769440654287,4.388408052124861
1988-12-01,58.9310735971175,0.0,4.388408052124861
1989-01-01,59.1712817775405,0.004076086956521063,4.406295584946019
1989-02-01,59.6516981383866,0.008119079837618948,4.442070650588343
1989-03-01,59.731767531861,0.001342281879195717,4.448033161528735
1989-04-01,59.971975712284,0.004021447721179072,4.465920694349894
1989-05-01,60.5324614666044,0.009345794392523255,4.507658270932603
1989-06-01,60.9328084339761,0.006613756613756294,4.537470825634537
1989-07-01,61.2530860078735,0.005256241787122473,4.561320869396086
1989-08-01,61.1730166143992,-0.0013071895424828783,4.5553583584557025
1989-09-01,61.0128778274505,-0.002617801047120616,4.543433336574927
1989-10-01,61.4132247948222,0.006561679790025865,4.573245891276861
1989-11-01,61.5733635817709,0.0026075619295959918,4.585170913157636
1989-12-01,61.3331554013478,-0.0039011703511063756,4.5672833803364705
1990-01-01,62.0537799426169,0.011749347258485532,4.620945978799953
1990-02-01,62.2139187295656,0.002580645161290418,4.632871000680727
1990-03-01,62.534196303463,0.005148005148005508,4.656721044442277
1990-04-01,62.4541269099887,-0.0012804097311132079,4.650758533501893
1990-05-01,62.774404483886,0.005128205128203778,4.674608577263435
1990-06-01,63.0146126643091,0.0038265306122458043,4.6924961100846
1990-07-01,63.2548208447321,0.003811944091486108,4.710383642905759
1990-08-01,63.4149596316808,0.0025316455696204887,4.722308664786534
1990-09-01,63.6551678121038,0.0037878787878782294,4.740196197607693
1990-10-01,64.2957229598986,0.01006289308176167,4.787896285130793
1990-11-01,64.6960699272703,0.0062266500622663035,4.817708839832727
1990-12-01,64.616000533796,-0.0012376237623755726,4.811746328892343
1991-01-01,67.0981517315006,0.038413878562576054,4.996584168044334
1991-02-01,67.0981517315006,0.0,4.996584168044334
1991-03-01,67.4984986988724,0.005966587112173016,5.026396722746275
1991-04-01,67.5785680923467,0.0011862396204027625,5.03235923368666
1991-05-01,67.8988456662441,0.004739336492891377,5.05620927744821
1991-06-01,68.1390538466671,0.003537735849056034,5.074096810269368
1991-07-01,68.1390538466671,0.0,5.074096810269368
1991-08-01,68.1390538466671,0.0,5.074096810269368
1991-09-01,68.2191232401415,0.0011750881316108241,5.08005932120976
1991-10-01,68.3792620270902,0.002347417840375954,5.091984343090536
1991-11-01,68.4593314205645,0.0011709601873528541,5.097946854030918
1991-12-01,68.2191232401415,-0.003508771929824017,5.08005932120976
1992-01-01,68.7796089944619,0.008215962441314284,5.121796897792468
1992-02-01,68.7796089944619,0.0,5.121796897792468
1992-03-01,68.8596783879362,0.0011641443538992213,5.127759408732851
1992-04-01,68.8596783879362,0.0,5.127759408732851
1992-05-01,68.9397477814106,0.00116279069767522,5.133721919673243
1992-06-01,69.0998865683592,0.002322880371659508,5.14564694155401
1992-07-01,69.3400947487823,0.0034762456546939546,5.163534474375177
1992-08-01,69.3400947487823,0.0,5.163534474375177
1992-09-01,69.3400947487823,0.0,5.163534474375177
1992-10-01,69.5803029292053,0.0034642032332559136,5.1814220071963355
1992-11-01,69.8205111096284,0.0034522439585740194,5.199309540017501
1992-12-01,69.8205111096284,0.0,5.199309540017501
1993-01-01,70.1407886835257,0.004587155963301726,5.2231595837790445
1993-02-01,70.2208580770001,0.0011415525114164549,5.229122094719436
1993-03-01,70.2208580770001,0.0,5.229122094719436
1993-04-01,70.1407886835257,-0.0011402508551889845,5.2231595837790445
1993-05-01,70.1407886835257,0.0,5.2231595837790445
1993-06-01,70.1407886835257,0.0,5.2231595837790445
1993-07-01,70.0607192900514,-0.0011415525114149006,5.217197072838661
1993-08-01,69.980649896577,-0.0011428571428577783,5.21123456189827
1993-09-01,70.1407886835257,0.0022883295194509046,5.2231595837790445
1993-10-01,70.0607192900514,-0.0011415525114149006,5.217197072838661
1993-11-01,70.7012744378461,0.009142857142856453,5.264897160361754
1993-12-01,70.5411356508974,-0.0022650056625141968,5.252972138480979
1994-01-01,70.4610662574231,-0.0011350737797951593,5.247009627540595
1994-02-01,69.0998865683592,-0.019318181818182456,5.145646941554012
1994-03-01,69.0998865683592,0.0,5.145646941554012
1994-04-01,69.0998865683592,0.0,5.145646941554012
1994-05-01,68.6194702075132,-0.006952491309384801,5.109871875911695
1994-06-01,69.0198171748849,0.005834305717619337,5.139684430613629
1994-07-01,69.0198171748849,0.0,5.139684430613629
1994-08-01,69.0998865683592,0.001160092807423796,5.145646941554012
1994-09-01,69.0198171748849,-0.0011587485515635043,5.139684430613629
1994-10-01,68.8596783879362,-0.0023201856148494793,5.127759408732854
1994-11-01,69.3400947487823,0.006976744186047101,5.163534474375179
1994-12-01,69.3400947487823,0.0,5.163534474375179
1995-01-01,69.6603723226796,0.004618937644340626,5.187384518136722
1995-02-01,69.980649896577,0.004597701149425593,5.211234561898271
1995-03-01,69.980649896577,0.0,5.211234561898271
1995-04-01,70.4610662574231,0.006864988558352714,5.247009627540595
1995-05-01,70.6212050443718,0.002272727272727426,5.25893464942137
1995-06-01,70.5411356508974,-0.0011337868480734148,5.252972138480978
1995-07-01,70.7012744378461,0.002270147559591429,5.264897160361753
1995-08-01,70.4610662574231,-0.00339750849377074,5.247009627540594
1995-09-01,70.6212050443718,0.002272727272727426,5.258934649421369
1995-10-01,70.5411356508974,-0.0011337868480734148,5.2529721384809775
1995-11-01,70.7012744378461,0.002270147559591429,5.264897160361752
1995-12-01,70.7012744378461,0.0,5.264897160361752
1996-01-01,70.7012744378461,0.0,5.264897160361752
1996-02-01,71.0215520117435,0.004530011325028616,5.288747204123301
1996-03-01,71.1816907986922,0.0022547914317927464,5.300672226004076
1996-04-01,71.5019683725896,0.004499437570304021,5.324522269765626
1996-05-01,71.7421765530126,0.0033594624860018296,5.3424098025867846
1996-06-01,71.7421765530126,0.0,5.3424098025867846
1996-07-01,71.6621071595383,-0.0011160714285708417,5.336447291646401
1996-08-01,71.6621071595383,0.0,5.336447291646401
1996-09-01,71.6621071595383,0.0,5.336447291646401
1996-10-01,71.9023153399613,0.0033519553072622887,5.354334824467561
1996-11-01,72.2225929138587,0.0044543429844101645,5.378184868229111
1996-12-01,71.9023153399613,-0.004434589800443756,5.3543348244675615
1997-01-01,72.06245412691,0.00222717149220486,5.366259846348336
1997-02-01,72.302662307333,0.003333333333332744,5.384147379169494
1997-03-01,72.302662307333,0.0,5.384147379169494
1997-04-01,72.4628010942817,0.0022148394241419123,5.396072401050269
1997-05-01,72.6229398812304,0.0022099447513812542,5.407997422931043
1997-06-01,72.8631480616534,0.003307607497243348,5.425884955752203
1997-07-01,72.6229398812304,-0.003296703296702952,5.407997422931043
1997-08-01,72.8631480616534,0.003307607497243348,5.425884955752203
1997-09-01,72.6229398812304,-0.003296703296702952,5.407997422931043
1997-10-01,72.7030092747047,0.0011025358324139312,5.413959933871427
1997-11-01,72.7030092747047,0.0,5.413959933871427
1997-12-01,72.6229398812304,-0.0011013215859024816,5.407997422931043
1998-01-01,73.5037032094482,0.012127894156560348,5.4735850432753015
1998-02-01,73.5037032094482,0.0,5.4735850432753015
1998-03-01,73.4236338159738,-0.0010893246187372307,5.46762253233491
1998-04-01,73.5037032094482,0.0010905125408950944,5.4735850432753015
1998-05-01,73.8239807833456,0.004357298474945814,5.497435087036851
1998-06-01,73.9040501768199,0.0010845986984808764,5.5033975979772345
1998-07-01,73.7439113898712,-0.0021668472372697867,5.49147257609646
1998-08-01,73.8239807833456,0.001085776330076893,5.497435087036852
1998-09-01,73.5837726029225,-0.003253796095445738,5.479547554215685
1998-10-01,73.8239807833456,0.003264417845485257,5.497435087036852
1998-11-01,73.9841195702942,0.002169197396961753,5.509360108917618
1998-12-01,73.7439113898712,-0.0032467532467527205,5.49147257609646
1999-01-01,73.9040501768199,0.0021715526601520097,5.5033975979772345
1999-02-01,73.9040501768199,0.0,5.5033975979772345
1999-03-01,74.4645359311403,0.007583965330444142,5.5451351745599435
1999-04-01,74.7047441115634,0.003225806451613744,5.563022707381109
1999-05-01,74.7848135050377,0.001071811361199826,5.568985218321493
1999-06-01,74.9449522919864,0.0021413276231263545,5.580910240202267
1999-07-01,75.1050910789351,0.002136752136752351,5.592835262083042
1999-08-01,75.1050910789351,0.0,5.592835262083042
1999-09-01,75.3452992593581,0.0031982942430699435,5.610722794904201
1999-10-01,75.5054380463068,0.002125398512221155,5.622647816784975
1999-11-01,75.3452992593581,-0.0021208907741251393,5.610722794904201
1999-12-01,75.2652298658838,-0.0010626992561100224,5.604760283963817
2000-01-01,75.2652298658838,0.0,5.604760283963817
2000-02-01,75.8257156202042,0.007446808510638281,5.646497860546526
2000-03-01,76.1459931941016,0.0042238648363255304,5.670347904308075
2000-04-01,75.9057850136785,-0.003154574132493093,5.652460371486908
2000-05-01,76.3061319810502,0.0052742616033751855,5.682272926188841
2000-06-01,77.0267565223194,0.009443861490032734,5.735935524652332
2000-07-01,77.0267565223194,0.0,5.735935524652332
2000-08-01,76.946687128845,-0.001039501039501789,5.72997301371194
2000-09-01,77.186895309268,0.0031217481789798107,5.747860546533099
2000-10-01,77.2669647027424,0.0010373443983409114,5.75382305747349
2000-11-01,77.3470340962167,0.0010362694300511954,5.759785568413873
2000-12-01,77.4271034896911,0.001035196687371398,5.765748079354265
2001-01-01,77.5071728831654,0.001034126163391269,5.771710590294648
2001-02-01,77.9075198505371,0.005165289256198191,5.801523144996582
2001-03-01,78.0676586374858,0.0020554984583764924,5.813448166877358
2001-04-01,78.7882831787549,0.009230769230769154,5.867110765340841
2001-05-01,79.1085607526523,0.004065040650406804,5.890960809102391
2001-06-01,78.7082137852806,-0.005060728744938903,5.861148254400458
2001-07-01,78.7882831787549,0.0010172939979646856,5.867110765340841
2001-08-01,78.8683525722292,0.0010162601626011458,5.873073276281225
2001-09-01,78.7882831787549,-0.0010152284263954536,5.867110765340841
2001-10-01,78.4680056048575,-0.004065040650406804,5.84326072157929
2001-11-01,78.3078668179089,-0.0020408163265294155,5.831335699698523
2001-12-01,78.5480749983319,0.0030674846625762253,5.849223232519682
2002-01-01,78.5480749983319,0.0,5.849223232519682
2002-02-01,79.1886301461266,0.008154943934759684,5.896923320042774
2002-03-01,79.268699539601,0.0010111223458046936,5.902885830983166
2002-04-01,79.6690465069727,0.00505050505050475,5.932698385685099
2002-05-01,79.508907720024,-0.0020100502512565566,5.920773363804323
2002-06-01,79.9092546873958,0.005035246727090659,5.950585918506264
2002-07-01,80.5498098351905,0.008016032064127598,5.998286006029357
2002-08-01,80.6298792286648,0.0009940357852877835,6.004248516969741
2002-09-01,80.5498098351905,-0.0009930486593837662,5.998286006029358
2002-10-01,80.8700874090879,0.003976143141153354,6.022136049790907
2002-11-01,81.0302261960366,0.001980198019801982,6.034061071671681
2002-12-01,81.1102955895109,0.0009881422924895578,6.040023582612065
2003-01-01,81.5106425568826,0.004935834155972207,6.069836137313999
2003-02-01,82.3914058851004,0.010805500982318472,6.135423757658257
2003-03-01,82.4714752785748,0.0009718172983486095,6.141386268598649
2003-04-01,81.83092013078,-0.00776699029126271,6.093686181075549
2003-05-01,81.9109895242543,0.0009784735812128353,6.099648692015934
2003-06-01,81.7508507373056,-0.0019550342130989495,6.0877236701351585
2003-07-01,81.9109895242543,0.0019588638589620455,6.099648692015934
2003-08-01,81.9910589177287,0.0009775171065498078,6.105611202956323
2003-09-01,81.9109895242543,-0.0009765625000005551,6.099648692015933
2003-10-01,81.9109895242543,0.0,6.099648692015933
2003-11-01,82.1511977046774,0.0029325513196487574,6.117536224837098
2003-12-01,82.1511977046774,0.0,6.117536224837098
2004-01-01,82.5515446720491,0.004873294346978252,6.147348779539031
2004-02-01,82.8718222459465,0.0038797284190108527,6.17119882330058
2004-03-01,83.0319610328952,0.0019323671497584183,6.183123845181354
2004-04-01,83.0319610328952,0.0,6.183123845181354
2004-05-01,83.7525855741643,0.008678881388621162,6.236786443644839
2004-06-01,83.7525855741643,0.0,6.236786443644839
2004-07-01,83.5924467872156,-0.0019120458891015435,6.224861421764063
2004-08-01,83.5924467872156,0.0,6.224861421764063
2004-09-01,83.8326549676386,0.0028735632183904958,6.242748954585222
2004-10-01,84.3130713284847,0.005730659025788176,6.278524020227546
2004-11-01,84.3130713284847,0.0,6.278524020227546
2004-12-01,84.152932541536,-0.0018993352326686086,6.266598998346772
2005-01-01,84.152932541536,0.0,6.266598998346772
2005-02-01,84.393140721959,0.0028544243577541817,6.28448653116793
2005-03-01,85.0336958697538,0.0075901328273249025,6.332186618691029
2005-04-01,85.0336958697538,0.0,6.332186618691029
2005-05-01,85.1938346567025,0.0018832391713750063,6.344111640571804
2005-06-01,85.4340428371255,0.0028195488721800555,6.361999173392963
2005-07-01,85.5141122305999,0.0009372071227748968,6.367961684333355
2005-08-01,85.9144591979716,0.004681647940074418,6.397774239035287
2005-09-01,86.6350837392407,0.00838769804287054,6.451436837498771
2005-10-01,86.0745979849203,-0.006469500924214278,6.409699260916063
2005-11-01,86.0745979849203,0.0,6.409699260916063
2005-12-01,85.9144591979716,-0.0018604651162792418,6.397774239035288
2006-01-01,86.3948755588176,0.005591798695246286,6.433549304677605
2006-02-01,86.3948755588176,0.0,6.433549304677605
2006-03-01,86.6350837392407,0.002780352177943257,6.451436837498771
2006-04-01,87.1955694935611,0.0064695009242141666,6.493174414081478
2006-05-01,87.2756388870354,0.000918273645545975,6.499136925021863
2006-06-01,87.1155001000868,-0.0018348623853200463,6.4872119031410955
2006-07-01,87.1955694935611,0.0009191176470582096,6.493174414081478
2006-08-01,87.1955694935611,0.0,6.493174414081478
2006-09-01,86.7952225261894,-0.00459136822773154,6.463361859379545
2006-10-01,86.9553613131381,0.0018450184501845879,6.4752868812603195
2006-11-01,87.0354307066124,0.0009208103130751155,6.481249392200704
2006-12-01,86.9553613131381,-0.0009199632014714743,6.47528688126032
2007-01-01,87.0354307066124,0.0009208103130751155,6.481249392200705
2007-02-01,87.6759858544071,0.007359705611774903,6.5289494797237975
2007-03-01,88.3165410022019,0.007305936073059849,6.576649567246897
2007-04-01,88.4766797891506,0.0018132366273799772,6.588574589127672
2007-05-01,88.7168879695736,0.002714932126696601,6.606462121948832
2007-06-01,88.4766797891506,-0.0027075812274365285,6.588574589127673
2007-07-01,88.4766797891506,0.0,6.588574589127673
2007-08-01,88.0763328217789,-0.004524886877827705,6.55876203442574
2007-09-01,88.3966103956762,0.0036363636363627716,6.582612078187283
2007-10-01,88.3966103956762,0.0,6.582612078187283
2007-11-01,88.6368185760993,0.00271739130434856,6.600499611008448
2007-12-01,88.8770267565223,0.0027100271002706844,6.618387143829607
2008-01-01,88.7168879695736,-0.0018018018018018944,6.606462121948833
2008-02-01,89.1172349369454,0.004512635379062102,6.636274676650773
2008-03-01,89.277373723894,0.0017969451931707514,6.648199698531541
2008-04-01,89.8378594782145,0.006278026905830458,6.689937275114256
2008-05-01,90.7986921999066,0.010695187165775,6.761487406398898
2008-06-01,91.118969773804,0.003527336860670527,6.785337450160449
2008-07-01,91.1990391672783,0.0008787346221437176,6.791299961100833
2008-08-01,90.7186228064322,-0.005267778753292762,6.7555248954585085
2008-09-01,91.118969773804,0.004413062665490797,6.78533745016045
2008-10-01,90.3983452325349,-0.00790861159929701,6.731674851696967
2008-11-01,89.9979982651631,-0.004428697962799655,6.701862296995027
2008-12-01,89.5175819043171,-0.005338078291814319,6.666087231352709
2009-01-01,89.4375125108427,-0.0008944543828270923,6.660124720412317
2009-02-01,89.9979982651631,0.006266786034019756,6.701862296995027
2009-03-01,90.2382064455862,0.002669039145908103,6.719749829816192
2009-04-01,90.3983452325349,0.0017746228926354135,6.731674851696967
2009-05-01,91.1990391672783,0.008857395925597533,6.791299961100835
2009-06-01,91.5193167411757,0.003511852502195101,6.815150004862384
2009-07-01,91.118969773804,-0.004374453193350614,6.78533745016045
2009-08-01,91.2791085607526,0.0017574692442874351,6.797262472041219
2009-09-01,91.118969773804,-0.001754385964911398,6.785337450160451
2009-10-01,91.0389003803296,-0.0008787346221447168,6.77937493922006
2009-11-01,91.59938613465,0.006156552330694787,6.821112515802769
2009-12-01,91.2791085607526,-0.0034965034965037667,6.7972624720412185
2010-01-01,91.2791085607526,0.0,6.7972624720412185
2010-02-01,91.4392473477014,0.0017543859649133964,6.809187493922
2010-03-01,91.6794555281244,0.0026269702276704443,6.827075026743159
2010-04-01,91.9196637085474,0.0026200873362443033,6.844962559564318
2010-05-01,91.9997331020218,0.0008710801393734258,6.85092507050471
2010-06-01,91.9196637085474,-0.0008703220191477179,6.844962559564318
2010-07-01,91.6794555281244,-0.002613240418118168,6.8270750267431595
2010-08-01,91.6794555281244,0.0,6.8270750267431595
2010-09-01,91.9196637085474,0.0026200873362443033,6.844962559564319
2010-10-01,92.3200106759191,0.004355400696863798,6.874775114266252
2010-11-01,92.5602188563422,0.00260190806591587,6.892662647087419
2010-12-01,92.7203576432908,0.001730103806227401,6.904587668968186
2011-01-01,93.1207046106626,0.004317789291883534,6.934400223670128
2011-02-01,93.2808433976113,0.0017196904557181814,6.946325245550903
2011-03-01,94.5619536932008,0.01373390557939902,7.0417254205970945
2011-04-01,94.7220924801495,0.0016934801016088574,7.053650442477869
2011-05-01,94.9623006605725,0.002535925612848322,7.0715379752990275
2011-06-01,94.4018149062521,-0.005902192242832949,7.029800398716319
2011-07-01,94.4818842997264,0.0008481764206951237,7.035762909656704
2011-08-01,94.6420230866751,0.0016949152542373724,7.047687931537478
2011-09-01,94.8021618736238,0.0016920473773267553,7.059612953418253
2011-10-01,95.1224394475212,0.0033783783783785104,7.083462997179803
2011-11-01,95.2825782344699,0.0016835016835017313,7.095388019060577
2011-12-01,94.8021618736238,-0.005042016806723004,7.059612953418252
2012-01-01,95.6028558083672,0.008445945945945388,7.119238062822118
2012-02-01,96.0832721692133,0.005025125628141058,7.155013128464443
2012-03-01,96.4035497431107,0.0033333333333336324,7.178863172225993
2012-04-01,96.8038967104824,0.004152823920265503,7.208675726927926
2012-05-01,96.6437579235337,-0.0016542597187760855,7.19675070504715
2012-06-01,96.243410956162,-0.004142502071250886,7.166938150345216
2012-07-01,96.243410956162,0.0,7.166938150345216
2012-08-01,96.483619136585,0.0024958402662227375,7.184825683166376
2012-09-01,96.483619136585,0.0,7.184825683166376
2012-10-01,96.8038967104824,0.003319502074689007,7.208675726927925
2012-11-01,96.7238273170081,-0.0008271298593874876,7.202713215987542
2012-12-01,96.1633415626876,-0.005794701986755801,7.1609756394048265
2013-01-01,96.1633415626876,0.0,7.1609756394048265
2013-02-01,97.4444518582772,0.013322231473772872,7.256375814451026
2013-03-01,97.2042436778542,-0.0024650780608049816,7.238488281629867
2013-04-01,97.2042436778542,0.0,7.238488281629867
2013-05-01,97.3643824648028,0.001647446457989199,7.250413303510634
2013-06-01,97.2042436778542,-0.0016447368421044217,7.238488281629866
2013-07-01,97.2843130713285,0.0008237232289947105,7.244450792570251
2013-08-01,97.2843130713285,0.0,7.244450792570251
2013-09-01,97.2843130713285,0.0,7.244450792570251
2013-10-01,97.2042436778542,-0.0008230452674893307,7.238488281629866
2013-11-01,97.3643824648028,0.001647446457989199,7.2504133035106335
2013-12-01,97.0441048909054,-0.003289473684210731,7.226563259749084
2014-01-01,97.2843130713285,0.0024752475247531436,7.24445079257025
2014-02-01,97.9248682191232,0.006584362139917088,7.292150880093342
2014-03-01,98.1650763995463,0.0024529844644323173,7.3100384129145075
2014-04-01,98.6454927603924,0.004893964110930238,7.345813478556833
2014-05-01,98.8857009408154,0.0024350649350646236,7.363701011377992
2014-06-01,98.9657703342897,0.0008097165991898247,7.369663522318375
2014-07-01,98.8857009408154,-0.0008090614886727687,7.363701011377991
2014-08-01,99.0458397277641,0.0016194331983807597,7.375626033258766
2014-09-01,99.1259091212384,0.0008084074373477801,7.381588544199149
2014-10-01,99.3661173016614,0.0024232633279481774,7.399476077020309
2014-11-01,99.1259091212384,-0.002417405318291488,7.38158854419915
2014-12-01,98.4052845799693,-0.007269789983844754,7.327925945735667
2015-01-01,98.4052845799693,0.0,7.327925945735667
2015-02-01,99.3661173016614,0.009764035801464344,7.39947607702031
2015-03-01,99.9266030559819,0.005640612409348211,7.441213653603026
2015-04-01,100.006672449456,0.000801282051279717,7.447176164543396
2015-05-01,100.407019416828,0.004003202562052444,7.476988719245352
2015-06-01,100.326950023354,-0.0007974481658657995,7.47102620830499
2015-07-01,100.326950023354,0.0,7.47102620830499
2015-08-01,100.326950023354,0.0,7.47102620830499
2015-09-01,100.326950023354,0.0,7.47102620830499
2015-10-01,100.567158203777,0.0023942537909014128,7.488913741126148
2015-11-01,100.166811236405,-0.003980891719748025,7.459101186424192
2015-12-01,99.8465336625075,-0.003197442046364074,7.4352511426626355
2016-01-01,99.9266030559819,0.0008019246190864582,7.441213653603027
2016-02-01,100.407019416828,0.004807692307692735,7.476988719245353
2016-03-01,100.727296990725,0.003189792663472968,7.500838763006872
2016-04-01,101.047574564623,0.003179650238479992,7.5246888067684665
2016-05-01,101.36785213852,0.003169572107761809,7.5485388505299875
2016-06-01,101.047574564623,-0.003159557661923662,7.524688806768467
2016-07-01,100.8073663842,-0.00237717908082391,7.506801273947308
2016-08-01,100.727296990725,-0.0007942811755425883,7.500838763006873
2016-09-01,101.207713351571,0.004769475357710107,7.536613828649191
2016-10-01,101.127643958097,-0.0007911392405030027,7.530651317708829
2016-11-01,100.8073663842,-0.003167062549481625,7.506801273947309
2016-12-01,100.487088810302,-0.003177124702150702,7.482951230185714
2017-01-01,101.047574564623,0.005577689243033923,7.524688806768468
2017-02-01,101.447921531994,0.0039619651346995965,7.554501361470349
2017-03-01,101.688129712417,0.002367797947908201,7.5723888942915085
2017-04-01,102.008407286315,0.003149606299218899,7.596238938053104
2017-05-01,102.168546073263,0.0015698587127090935,7.608163959933827
2017-06-01,101.848268499366,-0.0031347962382408667,7.584313916172307
2017-07-01,101.92833789284,0.00078616352200922,7.590276427112668
2017-08-01,102.008407286315,0.0007855459544447996,7.596238938053104
2017-09-01,102.168546073263,0.0015698587127090935,7.608163959933827
2017-10-01,102.248615466738,0.0007836990595675442,7.614126470874263
2017-11-01,102.568893040635,0.003132341425211571,7.637976514635782
2017-12-01,102.408754253687,-0.0015612802497981804,7.626051492755059
2018-01-01,102.64896243411,0.0023455824863172214,7.643939025576219
2018-02-01,103.20944818843,0.005460218408732231,7.685676602158897
2018-03-01,103.369586975379,0.0015515903801426312,7.697601624039694
2018-04-01,103.609795155802,0.0023237800154916055,7.715489156860853
2018-05-01,103.76993394275,0.0015455950540892438,7.727414178741577
2018-06-01,103.689864549276,-0.0007716049382683332,7.721451667801215
2018-07-01,104.170280910122,0.004633204633204047,7.757226733443533
2018-08-01,104.090211516648,-0.0007686395080674924,7.7512642225031705
2018-09-01,104.010142123173,-0.0007692307692370726,7.7453017115627345
2018-10-01,104.090211516648,0.000769822940730025,7.751264222503171
2018-11-01,103.689864549276,-0.003846153846156497,7.721451667801215
2018-12-01,103.850003336225,0.0015444015444046055,7.733376689682013
2019-01-01,103.930072729699,0.0007710100231270722,7.739339200622375
2019-02-01,104.810836057917,0.008474576271188416,7.804926820966648
2019-03-01,105.371321812237,0.005347593582883725,7.8466643975493255
2019-04-01,105.61152999266,0.0022796352583582813,7.864551930370483
2019-05-01,106.332154533929,0.006823351023501845,7.9182145288339605
2019-06-01,106.011876960032,-0.003012048192767569,7.89436448507244
2019-07-01,106.652432107827,0.006042296072509945,7.942064572595555
2019-08-01,106.652432107827,0.0,7.942064572595555
2019-09-01,106.652432107827,0.0,7.942064572595555
2019-10-01,106.89264028825,0.0022522522522521182,7.959952105416716
2019-11-01,106.732501501301,-0.0014981273408268825,7.948027083535918
2019-12-01,106.732501501301,0.0,7.948027083535918
2020-01-01,106.732501501301,0.0,7.948027083535918
2020-02-01,107.212917862147,0.004501125281319629,7.983802149178235
2020-03-01,106.89264028825,-0.002987303958174148,7.959952105416716
2020-04-01,106.412223927404,-0.004494382022471322,7.924177039774398
2020-05-01,106.332154533929,-0.0007524454477112474,7.918214528833962
2020-06-01,106.972709681724,0.006024096385544464,7.965914616357076
2020-07-01,106.972709681724,0.0,7.965914616357076
2020-08-01,107.052779075198,0.0007485029940088594,7.9718771272974385
2020-09-01,106.812570894775,-0.002243829468960068,7.95398959447628
2020-10-01,107.533195436045,0.006746626686665147,8.00765219293983
2020-11-01,107.853473009942,0.002978406552490709,8.031502236701348
2020-12-01,107.773403616468,-0.0007423904973983264,8.025539725760988
2021-01-01,108.333889370788,0.005200594353636623,8.067277302343667
2021-02-01,108.974444518583,0.0059127864005934505,8.11497738986678
2021-03-01,108.974444518583,0.0,8.11497738986678
2021-04-01,109.534930272903,0.005143277002200408,8.156714966449458
2021-05-01,110.735971175018,0.01096491228070029,8.246152630555251
2021-06-01,111.056248748916,0.0028922631959564793,8.270002674316846
2021-07-01,111.456595716287,0.003604902667621479,8.299815229018728
2021-08-01,111.776873290185,0.002873563218396269,8.323665272780321
2021-09-01,112.257289651031,0.0042979942693404105,8.359440338422639
2021-10-01,112.9779141923,0.006419400855919299,8.413102936886116
2021-11-01,113.218122372723,0.002126151665485132,8.430990469707274
2021-12-01,113.138052979249,-0.0007072135784976785,8.425027958766911
2022-01-01,113.778608127043,0.005661712668075358,8.472728046289951
2022-02-01,114.81951024221,0.0091484869810039,8.550240688515022
2022-03-01,116.100620537799,0.0111576011157557,8.645640863561177
2022-04-01,116.901314472543,0.00689655172414283,8.705265972965089
2022-05-01,118.422632948555,0.013013698630132353,8.818553680832402
2022-06-01,119.543604457196,0.009465855307641657,8.902028833997832
2022-07-01,119.543604457196,0.0,8.902028833997832
2022-08-01,119.783812637619,0.0020093770931008947,8.919916366818992
2022-09-01,119.863882031094,0.0006684491978663498,8.925878877759427
2022-10-01,120.584506572363,0.006012024048095421,8.979541476222904
2022-11-01,121.225061720157,0.005312084993353672,9.027241563745944
2022-12-01,120.744645359311,-0.00396301188903514,8.991466498103627
2023-01-01,121.305131113632,0.00464190981432866,9.033204074686381
2023-02-01,122.025755654901,0.005940594059405058,9.086866673149856
2023-03-01,122.426102622273,0.003280839895015486,9.116679227851813
2023-04-01,123.627143524388,0.009810333551339312,9.206116891957606
2023-05-01,124.507906852606,0.007124352331607797,9.271704512301879
2023-06-01,125.068392606926,0.004501607717038558,9.313442088884559
2023-07-01,125.228531393875,0.0012804097311165386,9.325367110765356
2023-08-01,126.029225328618,0.006393861892579622,9.384992220169194
2023-09-01,125.869086541669,-0.0012706480304979229,9.373067198288398
2023-10-01,126.109294722092,0.0019083969465645279,9.390954731109556
2023-11-01,126.189364115567,0.0006349206349258729,9.396917242049993
